<PropertyList>
<particlesystem>
<name>smoke</name>
<texture>smoke1.png</texture>
<emissive type="bool">false</emissive>
<lighting type="bool">false</lighting>
<condition>
<and>
<greater-than>
<property>/engines/engine[1]/rpm</property>
<value>6200</value>
</greater-than>
<greater-than>
<property>/position/altitude-agl-ft</property>
<value>50</value>
</greater-than>
<less-than>
<property>/position/altitude-agl-ft</property>
<value>1678</value>
</less-than>
</and>
</condition>
<attach>world</attach>
<placer>
<type>point</type>
</placer>
<shooter>
<theta-min-deg>-1.5</theta-min-deg>
<theta-max-deg>1.5</theta-max-deg>
<phi-min-deg>-1.5</phi-min-deg>
<phi-max-deg>1.5</phi-max-deg>
<speed-mps>
<value>0</value>
<spread>0</spread>
</speed-mps>
<rotation-speed>
<x-min-deg-sec>0</x-min-deg-sec>
<y-min-deg-sec>0</y-min-deg-sec>
<z-min-deg-sec>0</z-min-deg-sec>
<x-max-deg-sec>0</x-max-deg-sec>
<y-max-deg-sec>0</y-max-deg-sec>
<z-max-deg-sec>0</z-max-deg-sec>
</rotation-speed>
</shooter>
<counter>
<particles-per-sec>
<value>35</value>
<spread>0</spread>
</particles-per-sec>
</counter>
<align>billboard</align>
<particle>
<start>
<color>
<red>
<value>0.69</value>
</red>
<green>
<value>0.69</value>
</green>
<blue>
<value>0.69</value>
</blue>
<alpha>
<value>0.5</value>
</alpha>
</color>
<size>
<value>2</value>
</size>
</start>
<end>
<color>
<red>
<value>1.0</value>
</red>
<green>
<value>1.0</value>
</green>
<blue>
<value>1.0</value>
</blue>
<alpha>
<value>0.9</value>
</alpha>
</color>
<size>
<value>18</value>
</size>
</end>
<life-sec>
<value>9</value>
</life-sec>
<mass-kg>0.5</mass-kg>
<radius-m>1.5</radius-m>
</particle>
<program>
<fluid>air</fluid>
<gravity type="bool">false</gravity>
<wind typ="bool">true</wind>
</program>
</particlesystem>
</PropertyList> 
